Year,Scenario,Private Banking Revenue,Investment Banking Revenue,Fee Income
2020,Baseline,146,139,4.3100000000000005
2021,Baseline,177,91,4.45
2022,Baseline,102,126,3.3
2023,Baseline,100,100,3.0
2024,Baseline,104,112,3.2
2025,Baseline,189,145,5.23
2026,Baseline,113,101,3.2700000000000005
2027,Baseline,126,145,3.9699999999999998
2028,Baseline,108,53,2.6900000000000004
2029,Baseline,178,143,4.99
2030,Baseline,114,72,3.0
